{
  "config_id": 2,
  "config_name": "config2_augmented",
  "description": "Augmented - original data + standard augmentation",
  "train_loss": [
    1.0704259077707927,
    1.0409043629964192,
    0.9220880071322123,
    0.8540323376655579,
    0.8169245521227518,
    0.7482833464940389,
    0.7199761867523193,
    0.6540591319402059,
    0.6410749355951945,
    0.6529599030812582,
    0.613970677057902,
    0.5140236020088196,
    0.4494105577468872,
    0.42204758524894714,
    0.3899235626061757,
    0.31608761350313824,
    0.2759575496117274,
    0.23881484071413675,
    0.22895017762978873,
    0.22541865706443787,
    0.18714551130930582,
    0.1664190540711085
  ],
  "train_acc": [
    0.375,
    0.5,
    0.7291666666666666,
    0.8958333333333334,
    0.8333333333333334,
    0.8541666666666666,
    0.8958333333333334,
    0.9375,
    0.8958333333333334,
    0.9166666666666666,
    0.9166666666666666,
    0.9375,
    1.0,
    0.9791666666666666,
    1.0,
    0.9791666666666666,
    1.0,
    1.0,
    1.0,
    1.0,
    1.0,
    1.0
  ],
  "val_loss": [
    1.0395846366882324,
    0.998868465423584,
    0.9375673532485962,
    0.8734664916992188,
    0.8084157705307007,
    0.7500925064086914,
    0.6965739130973816,
    0.666121780872345,
    0.6411658525466919,
    0.6199426054954529,
    0.5590715408325195,
    0.502423882484436,
    0.4545302391052246,
    0.4098752439022064,
    0.3750815987586975,
    0.3422802984714508,
    0.31561440229415894,
    0.300749272108078,
    0.29118505120277405,
    0.2840380072593689,
    0.2758477032184601,
    0.2705884277820587
  ],
  "val_acc": [
    0.5,
    0.6,
    0.6,
    0.8,
    0.7,
    0.8,
    0.8,
    0.8,
    0.8,
    0.8,
    0.8,
    0.9,
    0.9,
    1.0,
    1.0,
    1.0,
    1.0,
    1.0,
    1.0,
    1.0,
    1.0,
    1.0
  ],
  "best_val_acc": 1.0,
  "best_epoch": 14,
  "label_map": {
    "pedestrianCrossing": 0,
    "signalAhead": 1,
    "stop": 2
  },
  "class_names": [
    "pedestrianCrossing",
    "signalAhead",
    "stop"
  ]
}