{
  "config_id": 1,
  "config_name": "config1_baseline",
  "description": "Baseline - original data only, no augmentation or synthesis",
  "train_loss": [
    1.0703843434651692,
    0.9724672238032023,
    0.8717532356580099,
    0.7918097178141276,
    0.7377276023228964,
    0.646977424621582,
    0.6008327007293701,
    0.5290706753730774,
    0.5145119428634644,
    0.5044553677241007,
    0.4565560022989909,
    0.3730608324209849,
    0.2868550419807434,
    0.25463855266571045,
    0.2628837426503499,
    0.14031555006901422,
    0.11137539148330688,
    0.1316903829574585,
    0.10229948163032532,
    0.08164602269728978
  ],
  "train_acc": [
    0.3333333333333333,
    0.625,
    0.7916666666666666,
    0.8333333333333334,
    0.875,
    0.875,
    0.9375,
    0.9583333333333334,
    0.9791666666666666,
    1.0,
    0.9791666666666666,
    1.0,
    1.0,
    1.0,
    1.0,
    1.0,
    1.0,
    1.0,
    1.0,
    1.0
  ],
  "val_loss": [
    1.0573608875274658,
    1.0262041091918945,
    0.9676295518875122,
    0.8961909413337708,
    0.8169293403625488,
    0.7372615933418274,
    0.6596167087554932,
    0.608288049697876,
    0.5694172978401184,
    0.5319951772689819,
    0.44900980591773987,
    0.38991397619247437,
    0.3434689939022064,
    0.3046126961708069,
    0.27811795473098755,
    0.250293105840683,
    0.22540736198425293,
    0.2214048206806183,
    0.21099543571472168,
    0.20738442242145538
  ],
  "val_acc": [
    0.5,
    0.6,
    0.8,
    0.8,
    0.8,
    0.8,
    0.8,
    0.8,
    0.9,
    0.9,
    0.9,
    1.0,
    1.0,
    1.0,
    1.0,
    1.0,
    1.0,
    1.0,
    1.0,
    1.0
  ],
  "best_val_acc": 1.0,
  "best_epoch": 12,
  "label_map": {
    "pedestrianCrossing": 0,
    "signalAhead": 1,
    "stop": 2
  },
  "class_names": [
    "pedestrianCrossing",
    "signalAhead",
    "stop"
  ]
}