{
  "config_id": 3,
  "config_name": "config3_synthetic",
  "description": "Synthetic - original data + synthesized images, no augmentation",
  "train_loss": [
    1.0347263800977455,
    0.8504762745866872,
    0.7195807225776442,
    0.6216059158546756,
    0.5535928600966328,
    0.4841587320722715,
    0.4026261559038451,
    0.39019288739772756,
    0.3622323316757125,
    0.34004187132373,
    0.3022673467192987,
    0.18830392426914638,
    0.09736606358277677,
    0.06466989990587187,
    0.04270749155319098,
    0.042627628328222214,
    0.026775151114873212,
    0.020764836985053436,
    0.052378794611102404
  ],
  "train_acc": [
    0.4595959595959596,
    0.7525252525252525,
    0.8434343434343434,
    0.9242424242424242,
    0.9090909090909091,
    0.9343434343434344,
    0.9747474747474747,
    0.9595959595959596,
    0.9747474747474747,
    0.9797979797979798,
    0.9646464646464646,
    0.98989898989899,
    0.9949494949494949,
    1.0,
    1.0,
    1.0,
    1.0,
    1.0,
    0.9797979797979798
  ],
  "val_loss": [
    0.9686493873596191,
    0.9046458005905151,
    0.7806094884872437,
    0.7180599570274353,
    0.6376442909240723,
    0.5830568075180054,
    0.5462625026702881,
    0.5438927412033081,
    0.5292729139328003,
    0.497996985912323,
    0.32549524307250977,
    0.2099638730287552,
    0.1532958745956421,
    0.1261224001646042,
    0.10900063812732697,
    0.10445753484964371,
    0.10369942337274551,
    0.10607633739709854,
    0.09378466755151749
  ],
  "val_acc": [
    0.7,
    0.5,
    0.8,
    0.8,
    0.9,
    0.9,
    0.9,
    0.9,
    0.9,
    0.9,
    1.0,
    1.0,
    1.0,
    1.0,
    1.0,
    1.0,
    1.0,
    0.9,
    1.0
  ],
  "best_val_acc": 1.0,
  "best_epoch": 11,
  "label_map": {
    "pedestrianCrossing": 0,
    "signalAhead": 1,
    "stop": 2
  },
  "class_names": [
    "pedestrianCrossing",
    "signalAhead",
    "stop"
  ]
}