{
  "config_id": 4,
  "config_name": "config4_synth_augmented",
  "description": "Full - original data + synthesized + augmentation",
  "train_loss": [
    1.0637669912492387,
    0.8966070449713505,
    0.7996031232554504,
    0.7530026821175007,
    0.6657836515494068,
    0.6087082570249384,
    0.5445976046600727,
    0.5172751362275596,
    0.5115261342790391,
    0.47337388811689435,
    0.43848438274980794,
    0.31867906631845416,
    0.19433934128645694,
    0.1774047760650365,
    0.1214971418934639,
    0.09769941392270001,
    0.08067955580925701,
    0.0542067713057152,
    0.06880644381497845,
    0.058945785869251595
  ],
  "train_acc": [
    0.4595959595959596,
    0.7222222222222222,
    0.8131313131313131,
    0.8181818181818182,
    0.8737373737373737,
    0.898989898989899,
    0.898989898989899,
    0.9090909090909091,
    0.8939393939393939,
    0.9141414141414141,
    0.898989898989899,
    0.9646464646464646,
    0.9797979797979798,
    0.9747474747474747,
    0.9949494949494949,
    0.98989898989899,
    0.9949494949494949,
    1.0,
    0.9797979797979798,
    0.98989898989899
  ],
  "val_loss": [
    0.971685528755188,
    0.8929667472839355,
    0.8387113809585571,
    0.7790887951850891,
    0.7418816089630127,
    0.6913137435913086,
    0.6327399015426636,
    0.6218563914299011,
    0.6061679124832153,
    0.584469199180603,
    0.4140717387199402,
    0.2713194489479065,
    0.1855594664812088,
    0.1321091651916504,
    0.10594798624515533,
    0.08931652456521988,
    0.07194145023822784,
    0.070377416908741,
    0.05764753371477127,
    0.05327022075653076
  ],
  "val_acc": [
    0.6,
    0.6,
    0.6,
    0.7,
    0.8,
    0.9,
    0.9,
    0.9,
    0.9,
    0.9,
    0.9,
    1.0,
    1.0,
    1.0,
    1.0,
    1.0,
    1.0,
    1.0,
    1.0,
    1.0
  ],
  "best_val_acc": 1.0,
  "best_epoch": 12,
  "label_map": {
    "pedestrianCrossing": 0,
    "signalAhead": 1,
    "stop": 2
  },
  "class_names": [
    "pedestrianCrossing",
    "signalAhead",
    "stop"
  ]
}