{
  "config_id": 4,
  "config_name": "config4_synth_augmented",
  "description": "Full - original data + synthesized + augmentation",
  "train_loss": [
    1.991443905596163,
    1.6370685981091135,
    1.424847945778098,
    1.2817477290557422,
    1.1941351738099812,
    1.0921738638272431,
    1.0588490965191804,
    0.9843802250459086,
    1.00363139027904,
    0.9547762143269416,
    0.8584271401470739,
    0.6539191954991019,
    0.5075879928908821,
    0.4157014605455425,
    0.3795774907729933,
    0.3008946122893368,
    0.2716919053915588,
    0.23243597100132365,
    0.21600394687020635,
    0.21281686635123456,
    0.21903674634548112,
    0.19161450133708144,
    0.19594780685064195,
    0.17560901131698442
  ],
  "train_acc": [
    0.26042632066728455,
    0.5088044485634847,
    0.6088971269694161,
    0.629286376274328,
    0.6552363299351252,
    0.680259499536608,
    0.6932344763670065,
    0.7256719184430028,
    0.6987951807228916,
    0.7126969416126042,
    0.7451343836886005,
    0.7905468025949953,
    0.845227062094532,
    0.8767377201112141,
    0.8841519925857275,
    0.9138090824837812,
    0.8989805375347544,
    0.9295644114921223,
    0.9341983317886933,
    0.9240037071362373,
    0.9240037071362373,
    0.9341983317886933,
    0.9230769230769231,
    0.9397590361445783
  ],
  "val_loss": [
    1.7095870433030305,
    1.4983246856265597,
    1.312650160436277,
    1.2051438874668545,
    1.0992091355500397,
    1.0626869523966753,
    0.9783252711649294,
    0.9550683043621204,
    0.9317684606269554,
    0.9204465764540213,
    0.6069167108447463,
    0.4367945915019071,
    0.34914832965091425,
    0.2866990292513812,
    0.23678804337978362,
    0.22349667507741186,
    0.19710721034142706,
    0.19909090948877511,
    0.19529143254514095,
    0.18122145776395446,
    0.1734271843676214,
    0.15810805922029195,
    0.15870720629614812,
    0.15842879878150093
  ],
  "val_acc": [
    0.4740740740740741,
    0.5037037037037037,
    0.6,
    0.6666666666666666,
    0.6814814814814815,
    0.7037037037037037,
    0.7185185185185186,
    0.7111111111111111,
    0.6814814814814815,
    0.7185185185185186,
    0.8296296296296296,
    0.8962962962962963,
    0.8814814814814815,
    0.9185185185185185,
    0.9185185185185185,
    0.9259259259259259,
    0.9259259259259259,
    0.9037037037037037,
    0.9037037037037037,
    0.9111111111111111,
    0.9111111111111111,
    0.9111111111111111,
    0.9111111111111111,
    0.9111111111111111
  ],
  "best_val_acc": 0.9259259259259259,
  "best_epoch": 16,
  "label_map": {
    "keepRight": 0,
    "merge": 1,
    "pedestrianCrossing": 2,
    "signalAhead": 3,
    "speedLimit25": 4,
    "speedLimit35": 5,
    "stop": 6,
    "yield": 7,
    "yieldAhead": 8
  },
  "class_names": [
    "keepRight",
    "merge",
    "pedestrianCrossing",
    "signalAhead",
    "speedLimit25",
    "speedLimit35",
    "stop",
    "yield",
    "yieldAhead"
  ]
}