{
  "config_id": 2,
  "config_name": "config2_augmented",
  "description": "Augmented - original data + standard augmentation",
  "train_loss": [
    2.025695399184295,
    1.6796473221104171,
    1.465042725655536,
    1.2913844941719916,
    1.2122408722087574,
    1.110193798007571,
    1.0392346854998311,
    0.9827071682258327,
    0.9791407986930519,
    0.9446824559725714,
    0.853188110174928,
    0.639033430710506,
    0.49821877545885895,
    0.39647464162784085,
    0.32915275057093707,
    0.2852045546607107,
    0.2783428788990588,
    0.2075907938383721,
    0.2087022729679966,
    0.19705764319161354,
    0.1883967813039243,
    0.16701497367341872,
    0.1724239649141536
  ],
  "train_acc": [
    0.24324324324324326,
    0.4864864864864865,
    0.6089030206677265,
    0.6661367249602543,
    0.6756756756756757,
    0.7058823529411765,
    0.724960254372019,
    0.7488076311605724,
    0.7344992050874404,
    0.7424483306836248,
    0.739268680445151,
    0.834658187599364,
    0.8600953895071543,
    0.8982511923688394,
    0.9030206677265501,
    0.9157392686804452,
    0.9093799682034976,
    0.9411764705882353,
    0.9332273449920508,
    0.9252782193958664,
    0.9395866454689984,
    0.9538950715421304,
    0.9348171701112877
  ],
  "val_loss": [
    1.776959807784469,
    1.5338951331597788,
    1.3605384270350138,
    1.2431693227202805,
    1.1358248666480735,
    1.065535756835231,
    0.9868955890337626,
    0.9517916564588194,
    0.9405892257337217,
    0.9083551901358146,
    0.7068291129889311,
    0.5494028548399608,
    0.4218246994195161,
    0.3665223878842813,
    0.3013604738094188,
    0.26815690127787767,
    0.23467859432653146,
    0.224995080795553,
    0.22511872362207483,
    0.21665151028169527,
    0.20940502732992172,
    0.20540017645668102,
    0.18975899600320392
  ],
  "val_acc": [
    0.4148148148148148,
    0.5555555555555556,
    0.674074074074074,
    0.6666666666666666,
    0.6814814814814815,
    0.6888888888888889,
    0.7407407407407407,
    0.7777777777777778,
    0.7703703703703704,
    0.7555555555555555,
    0.7851851851851852,
    0.8444444444444444,
    0.8592592592592593,
    0.8740740740740741,
    0.9111111111111111,
    0.8740740740740741,
    0.9037037037037037,
    0.9037037037037037,
    0.9111111111111111,
    0.9037037037037037,
    0.9037037037037037,
    0.9111111111111111,
    0.8962962962962963
  ],
  "best_val_acc": 0.9111111111111111,
  "best_epoch": 15,
  "label_map": {
    "keepRight": 0,
    "merge": 1,
    "pedestrianCrossing": 2,
    "signalAhead": 3,
    "speedLimit25": 4,
    "speedLimit35": 5,
    "stop": 6,
    "yield": 7,
    "yieldAhead": 8
  },
  "class_names": [
    "keepRight",
    "merge",
    "pedestrianCrossing",
    "signalAhead",
    "speedLimit25",
    "speedLimit35",
    "stop",
    "yield",
    "yieldAhead"
  ]
}