{
  "config_id": 1,
  "config_name": "config1_baseline",
  "description": "Baseline - original data only, no augmentation or synthesis",
  "train_loss": [
    1.9429994946632931,
    1.4880094448599035,
    1.208645608732166,
    1.0509277470350644,
    0.9011118930360281,
    0.7884237747313677,
    0.7279748592543488,
    0.6604237130980802,
    0.6496377777787953,
    0.607483429162036,
    0.5524374741723314,
    0.31584080608357307,
    0.23481226910278793,
    0.1770915637808498,
    0.136709927896627,
    0.11607689757510095,
    0.10917121361769346,
    0.09882400195530375,
    0.09938639434963607,
    0.0818731356323334,
    0.08248322810059701,
    0.09402809731531978,
    0.0892938632867484,
    0.07548921267444265
  ],
  "train_acc": [
    0.3036565977742448,
    0.5802861685214626,
    0.7186009538950715,
    0.7742448330683624,
    0.7853736089030207,
    0.8235294117647058,
    0.8362480127186009,
    0.8521462639109698,
    0.8410174880763116,
    0.8823529411764706,
    0.8648648648648649,
    0.9395866454689984,
    0.9379968203497615,
    0.9602543720190779,
    0.9602543720190779,
    0.9713831478537361,
    0.9634340222575517,
    0.9666136724960255,
    0.9697933227344993,
    0.9697933227344993,
    0.9713831478537361,
    0.9650238473767886,
    0.9666136724960255,
    0.972972972972973
  ],
  "val_loss": [
    1.6485317389170329,
    1.3159536087954486,
    1.1264659042711611,
    0.9885794127428973,
    0.8829255912039015,
    0.8127271661051998,
    0.7521906239015085,
    0.7237660840705589,
    0.7066947168774075,
    0.6827699462572734,
    0.4621856080161201,
    0.33713899365177863,
    0.2820453778461174,
    0.23658118281099533,
    0.2250123553805881,
    0.2280518114566803,
    0.2056024083936656,
    0.20344156010283365,
    0.20765391069429892,
    0.20894581907325321,
    0.21461197634538015,
    0.2083747257788976,
    0.20633602401724568,
    0.21156449185477363
  ],
  "val_acc": [
    0.4740740740740741,
    0.6370370370370371,
    0.6962962962962963,
    0.7703703703703704,
    0.7925925925925926,
    0.7851851851851852,
    0.7851851851851852,
    0.837037037037037,
    0.8222222222222222,
    0.8148148148148148,
    0.8444444444444444,
    0.8888888888888888,
    0.8962962962962963,
    0.9037037037037037,
    0.9111111111111111,
    0.9185185185185185,
    0.9111111111111111,
    0.9037037037037037,
    0.9111111111111111,
    0.9111111111111111,
    0.9111111111111111,
    0.9037037037037037,
    0.9037037037037037,
    0.9111111111111111
  ],
  "best_val_acc": 0.9185185185185185,
  "best_epoch": 16,
  "label_map": {
    "keepRight": 0,
    "merge": 1,
    "pedestrianCrossing": 2,
    "signalAhead": 3,
    "speedLimit25": 4,
    "speedLimit35": 5,
    "stop": 6,
    "yield": 7,
    "yieldAhead": 8
  },
  "class_names": [
    "keepRight",
    "merge",
    "pedestrianCrossing",
    "signalAhead",
    "speedLimit25",
    "speedLimit35",
    "stop",
    "yield",
    "yieldAhead"
  ]
}