{
  "config_id": 3,
  "config_name": "config3_synthetic",
  "description": "Synthetic - original data + synthesized images, no augmentation",
  "train_loss": [
    1.9152722225021277,
    1.4484197460356634,
    1.201746333407737,
    1.0372813969325754,
    0.9202506519004744,
    0.8668632204053135,
    0.7956991029956807,
    0.7444854392510415,
    0.72582925034409,
    0.6995814190184882,
    0.5963244211408582,
    0.35835647950358035,
    0.2609849946437001,
    0.18454749681973923,
    0.15788710068314024,
    0.13812671616963482,
    0.12134901887846833,
    0.10319752094920197,
    0.08264669036428833,
    0.08812302445942766,
    0.0841540998336449,
    0.08215596473864707,
    0.07720250290394713,
    0.0770705488818569,
    0.07011004917123342,
    0.06914903629533221,
    0.06587395533242636,
    0.06006162879821103,
    0.06586189328781757
  ],
  "train_acc": [
    0.32808155699721964,
    0.6126042632066728,
    0.6774791473586654,
    0.7488415199258572,
    0.7710843373493976,
    0.7757182576459685,
    0.7831325301204819,
    0.8146431881371641,
    0.8007414272474513,
    0.8127896200185357,
    0.8387395736793327,
    0.9101019462465245,
    0.933271547729379,
    0.953660797034291,
    0.9666357738646896,
    0.9610750695088045,
    0.9564411492122336,
    0.9675625579240037,
    0.9777571825764597,
    0.9731232622798888,
    0.9703429101019463,
    0.9749768303985171,
    0.9759036144578314,
    0.9721964782205746,
    0.9814643188137164,
    0.9768303985171455,
    0.9768303985171455,
    0.9814643188137164,
    0.9759036144578314
  ],
  "val_loss": [
    1.5178134582660816,
    1.2120264574333472,
    1.0410170665493719,
    0.91886312034395,
    0.8252700796833745,
    0.7689576564011751,
    0.7176224951390867,
    0.6861555439454537,
    0.6697960699046099,
    0.6460775053059613,
    0.40068360456713925,
    0.30505025806250397,
    0.24264554193726293,
    0.20716203738141942,
    0.1926644347332142,
    0.1983535087770886,
    0.17379548809042683,
    0.17851583505118335,
    0.18180558339313224,
    0.1841097382483659,
    0.17510549373648784,
    0.19351769067622998,
    0.19313710610623713,
    0.18081979053439917,
    0.1778853321241008,
    0.19129993060120828,
    0.18962150983236453,
    0.188291917492946,
    0.19053580578830506
  ],
  "val_acc": [
    0.5111111111111111,
    0.6666666666666666,
    0.7185185185185186,
    0.7185185185185186,
    0.7703703703703704,
    0.7703703703703704,
    0.8222222222222222,
    0.8148148148148148,
    0.8222222222222222,
    0.8296296296296296,
    0.8666666666666667,
    0.8888888888888888,
    0.8962962962962963,
    0.9111111111111111,
    0.8814814814814815,
    0.8962962962962963,
    0.8962962962962963,
    0.9037037037037037,
    0.9037037037037037,
    0.9111111111111111,
    0.9259259259259259,
    0.8962962962962963,
    0.8962962962962963,
    0.9111111111111111,
    0.9111111111111111,
    0.8962962962962963,
    0.9037037037037037,
    0.9037037037037037,
    0.9037037037037037
  ],
  "best_val_acc": 0.9259259259259259,
  "best_epoch": 21,
  "label_map": {
    "keepRight": 0,
    "merge": 1,
    "pedestrianCrossing": 2,
    "signalAhead": 3,
    "speedLimit25": 4,
    "speedLimit35": 5,
    "stop": 6,
    "yield": 7,
    "yieldAhead": 8
  },
  "class_names": [
    "keepRight",
    "merge",
    "pedestrianCrossing",
    "signalAhead",
    "speedLimit25",
    "speedLimit35",
    "stop",
    "yield",
    "yieldAhead"
  ]
}