{
  "config_id": 2,
  "config_name": "config2_augmented",
  "description": "Augmented - original data + standard augmentation",
  "train_loss": [
    1.0704259077707927,
    1.0409043629964192,
    0.9220880071322123,
    0.8540323376655579,
    0.8169245521227518,
    0.7482833464940389,
    0.7199761867523193,
    0.6540591319402059,
    0.6410749355951945,
    0.6529599030812582,
    0.613970677057902,
    0.5140235622723898,
    0.4494105776151021,
    0.42204758524894714,
    0.3899235626061757,
    0.31608760356903076,
    0.27595755954583484,
    0.23881487051645914,
    0.22895016272862753,
    0.2254186968008677,
    0.18714551130930582,
    0.16641907890637717
  ],
  "train_acc": [
    0.375,
    0.5,
    0.7291666666666666,
    0.8958333333333334,
    0.8333333333333334,
    0.8541666666666666,
    0.8958333333333334,
    0.9375,
    0.8958333333333334,
    0.9166666666666666,
    0.9166666666666666,
    0.9375,
    1.0,
    0.9791666666666666,
    1.0,
    0.9791666666666666,
    1.0,
    1.0,
    1.0,
    1.0,
    1.0,
    1.0
  ],
  "val_loss": [
    1.0395846366882324,
    0.998868465423584,
    0.937567412853241,
    0.8734664916992188,
    0.8084157109260559,
    0.7500925660133362,
    0.6965740323066711,
    0.6661216020584106,
    0.6411657333374023,
    0.6199427843093872,
    0.5590716600418091,
    0.5024237036705017,
    0.4545303285121918,
    0.4098753035068512,
    0.3750815987586975,
    0.3422803580760956,
    0.31561437249183655,
    0.3007492423057556,
    0.2911849617958069,
    0.2840380370616913,
    0.27584776282310486,
    0.2705884575843811
  ],
  "val_acc": [
    0.5,
    0.6,
    0.6,
    0.8,
    0.7,
    0.8,
    0.8,
    0.8,
    0.8,
    0.8,
    0.8,
    0.9,
    0.9,
    1.0,
    1.0,
    1.0,
    1.0,
    1.0,
    1.0,
    1.0,
    1.0,
    1.0
  ],
  "best_val_acc": 1.0,
  "best_epoch": 14,
  "label_map": {
    "pedestrianCrossing": 0,
    "signalAhead": 1,
    "stop": 2
  },
  "class_names": [
    "pedestrianCrossing",
    "signalAhead",
    "stop"
  ]
}