{
  "config_id": 1,
  "config_name": "config1_baseline",
  "description": "Baseline - original data only, no augmentation or synthesis",
  "train_loss": [
    1.0703843434651692,
    0.9724672238032023,
    0.8717532356580099,
    0.7918097178141276,
    0.7377276023228964,
    0.646977424621582,
    0.6008327007293701,
    0.5290706753730774,
    0.5145119428634644,
    0.5044553677241007,
    0.45655601223309833,
    0.3730608324209849,
    0.286855012178421,
    0.25463853279749554,
    0.2628837327162425,
    0.14031556993722916,
    0.11137537906567256,
    0.13169040779272714,
    0.10229948411385219,
    0.08164605498313904
  ],
  "train_acc": [
    0.3333333333333333,
    0.625,
    0.7916666666666666,
    0.8333333333333334,
    0.875,
    0.875,
    0.9375,
    0.9583333333333334,
    0.9791666666666666,
    1.0,
    0.9791666666666666,
    1.0,
    1.0,
    1.0,
    1.0,
    1.0,
    1.0,
    1.0,
    1.0,
    1.0
  ],
  "val_loss": [
    1.057361125946045,
    1.0262041091918945,
    0.9676293134689331,
    0.8961908221244812,
    0.8169294595718384,
    0.7372616529464722,
    0.6596166491508484,
    0.6082879304885864,
    0.5694172382354736,
    0.5319951772689819,
    0.4490097165107727,
    0.38991397619247437,
    0.34346887469291687,
    0.30461275577545166,
    0.2781178653240204,
    0.2502930462360382,
    0.2254074364900589,
    0.2214048206806183,
    0.21099543571472168,
    0.20738458633422852
  ],
  "val_acc": [
    0.5,
    0.6,
    0.8,
    0.8,
    0.8,
    0.8,
    0.8,
    0.8,
    0.9,
    0.9,
    0.9,
    1.0,
    1.0,
    1.0,
    1.0,
    1.0,
    1.0,
    1.0,
    1.0,
    1.0
  ],
  "best_val_acc": 1.0,
  "best_epoch": 12,
  "label_map": {
    "pedestrianCrossing": 0,
    "signalAhead": 1,
    "stop": 2
  },
  "class_names": [
    "pedestrianCrossing",
    "signalAhead",
    "stop"
  ]
}