{
  "config_id": 4,
  "config_name": "config4_synth_augmented",
  "description": "Full - original data + synthesized + augmentation",
  "train_loss": [
    1.0637669912492387,
    0.8966070467775519,
    0.799603111214108,
    0.7530026742906282,
    0.6657836479370041,
    0.6087082738828178,
    0.5445975739546497,
    0.5172751013076666,
    0.5115261396976433,
    0.47337388450449164,
    0.4384843887704791,
    0.3186790413326687,
    0.19433933473897702,
    0.1774047613143921,
    0.12149713496969204,
    0.09769942265267324,
    0.08067955422883082,
    0.05420677988517164,
    0.06880646714507932,
    0.05894579038475499
  ],
  "train_acc": [
    0.4595959595959596,
    0.7222222222222222,
    0.8131313131313131,
    0.8181818181818182,
    0.8737373737373737,
    0.898989898989899,
    0.898989898989899,
    0.9090909090909091,
    0.8939393939393939,
    0.9141414141414141,
    0.898989898989899,
    0.9646464646464646,
    0.9797979797979798,
    0.9747474747474747,
    0.9949494949494949,
    0.98989898989899,
    0.9949494949494949,
    1.0,
    0.9797979797979798,
    0.98989898989899
  ],
  "val_loss": [
    0.9716854095458984,
    0.892966628074646,
    0.8387115597724915,
    0.7790887355804443,
    0.7418815493583679,
    0.6913138031959534,
    0.6327399015426636,
    0.6218564510345459,
    0.6061680316925049,
    0.5844691395759583,
    0.4140717387199402,
    0.2713194191455841,
    0.18555957078933716,
    0.13210910558700562,
    0.10594791173934937,
    0.08931650221347809,
    0.07194148749113083,
    0.0703774243593216,
    0.05764756724238396,
    0.05327015370130539
  ],
  "val_acc": [
    0.6,
    0.6,
    0.6,
    0.7,
    0.8,
    0.9,
    0.9,
    0.9,
    0.9,
    0.9,
    0.9,
    1.0,
    1.0,
    1.0,
    1.0,
    1.0,
    1.0,
    1.0,
    1.0,
    1.0
  ],
  "best_val_acc": 1.0,
  "best_epoch": 12,
  "label_map": {
    "pedestrianCrossing": 0,
    "signalAhead": 1,
    "stop": 2
  },
  "class_names": [
    "pedestrianCrossing",
    "signalAhead",
    "stop"
  ]
}