{
  "config_id": 3,
  "config_name": "config3_synthetic",
  "description": "Synthetic - original data + synthesized images, no augmentation",
  "train_loss": [
    1.0382874818763348,
    0.8333687716060214,
    0.7213926556134465,
    0.6159329167520157,
    0.5650092134572039,
    0.48483953752903025,
    0.444827645716041,
    0.39638863097537647,
    0.3749945943403726,
    0.38498142933604695,
    0.3155653744634956,
    0.18581934694689933,
    0.10464742200242148,
    0.07157731598073785,
    0.047966185844305786,
    0.033746831344835686,
    0.030140231655101584,
    0.019597288522154394,
    0.028652423560017286
  ],
  "train_acc": [
    0.4444444444444444,
    0.7929292929292929,
    0.8434343434343434,
    0.9141414141414141,
    0.898989898989899,
    0.9292929292929293,
    0.9444444444444444,
    0.9696969696969697,
    0.9646464646464646,
    0.9545454545454546,
    0.9545454545454546,
    0.9797979797979798,
    0.9949494949494949,
    1.0,
    0.9949494949494949,
    1.0,
    1.0,
    0.9949494949494949,
    0.9949494949494949
  ],
  "val_loss": [
    0.9712220430374146,
    0.835583508014679,
    0.7433281540870667,
    0.6757369041442871,
    0.6220563650131226,
    0.5724152326583862,
    0.5601259469985962,
    0.5545172691345215,
    0.5471810102462769,
    0.5062727332115173,
    0.302956223487854,
    0.2317018210887909,
    0.19105926156044006,
    0.1692866086959839,
    0.1737365871667862,
    0.13591377437114716,
    0.13200049102306366,
    0.1379159688949585,
    0.1218109130859375
  ],
  "val_acc": [
    0.7,
    0.6,
    0.7,
    0.8,
    0.9,
    0.9,
    0.8,
    0.9,
    0.9,
    0.9,
    1.0,
    1.0,
    1.0,
    0.9,
    0.9,
    0.9,
    0.9,
    0.9,
    1.0
  ],
  "best_val_acc": 1.0,
  "best_epoch": 11,
  "label_map": {
    "pedestrianCrossing": 0,
    "signalAhead": 1,
    "stop": 2
  },
  "class_names": [
    "pedestrianCrossing",
    "signalAhead",
    "stop"
  ]
}